[{"_allAttributes":null,"_properties":null,"_methods":null,"file":"c:/Users/CloudJunction/Desktop/LWC - Search  Component/LWC - Account Search Component/force-app/main/default/lwc/searchAccount/searchAccount.js","metadata":{"decorators":[{"type":"wire","targets":[{"name":"accounts","type":"property","static":{},"params":{"searchKey":"searchKey"},"adapter":{"name":"findAccounts","reference":"@salesforce/apex/accountController.findAccounts"}}]}],"classMembers":[{"name":"searchKey","type":"property","value":{"type":"string","value":""},"loc":{"start":{"line":7,"column":4},"end":{"line":7,"column":19}}},{"name":"selectedAccountId","type":"property","loc":{"start":{"line":8,"column":4},"end":{"line":8,"column":22}}},{"name":"accounts","type":"property","decorator":"wire","loc":{"start":{"line":10,"column":4},"end":{"line":11,"column":13}}},{"name":"handleKeyChange","type":"method","loc":{"start":{"line":13,"column":4},"end":{"line":19,"column":5}}},{"name":"handleAccountClick","type":"method","loc":{"start":{"line":21,"column":4},"end":{"line":24,"column":5}}},{"name":"hasAccounts","type":"property","loc":{"start":{"line":26,"column":4},"end":{"line":30,"column":5}}}],"declarationLoc":{"start":{"line":6,"column":0},"end":{"line":31,"column":1}},"doc":"","exports":[{"type":"ExportDefaultDeclaration"}]},"updatedAt":"2024-11-06T00:21:26.939Z"},{"_allAttributes":null,"_properties":null,"_methods":null,"file":"c:/Users/CloudJunction/Desktop/LWC - Search  Component/LWC - Account Search Component/force-app/main/default/lwc/accountDetail/accountDetail.js","metadata":{"decorators":[{"type":"api","targets":[{"name":"accountId","type":"property","value":{"type":"unresolved"}}]}],"classMembers":[{"name":"accountId","type":"property","value":{"type":"unresolved"},"decorator":"api","loc":{"start":{"line":6,"column":4},"end":{"line":6,"column":19}}}],"declarationLoc":{"start":{"line":4,"column":0},"end":{"line":7,"column":1}},"doc":"","exports":[{"type":"ExportDefaultDeclaration"}]},"updatedAt":"2024-11-06T00:21:34.599Z"}]